timestamp,channel_0,tag
1454828742357272,66,1
1454828742357493,66,1
1454828742357654,66,1
1454828742357810,66,1
1454828742357966,66,1
1454828742358123,66,1
1454828742358277,66,1
1454828742358432,66,1
1454828742358586,66,1
1454828742358742,66,1
1454828742358896,66,1
1454828742361248,66,1
1454828742361358,66,1
1454828742361456,66,1
1454828742361551,66,1
1454828742361645,66,1
1454828742361740,66,1
1454828742361833,66,1
1454828742361927,66,1
1454828742362020,66,1
1454828742362113,66,1
1454828742362207,66,1
1454828742363799,66,1
1454828742363907,66,1
1454828742364016,66,1
1454828742364102,66,1
1454828742364187,66,1
1454828742364272,66,1
1454828742364369,66,1
1454828742364459,66,1
1454828742364589,66,1
1454828742364800,66,1
1454828742366075,66,1
1454828742370181,66,1
1454828742370267,66,1
1454828742370342,66,1
1454828742370415,66,1
1454828742370486,66,1
1454828742370557,66,1
1454828742370628,66,1
1454828742370699,66,1
1454828742370769,66,1
1454828742370840,66,1
1454828742370911,66,1
1454828742543157,66,1
1454828742543370,66,1
1454828742543535,66,1
1454828742543694,66,1
1454828742543850,66,1
1454828742544018,66,1
1454828742544174,66,1
1454828742544329,66,1
1454828742544484,66,1
1454828742544640,66,1
1454828742544796,66,1
1454828742547399,66,1
1454828742547511,66,1
1454828742547610,66,1
1454828742547707,66,1
1454828742547801,66,1
1454828742547897,66,1
1454828742547991,66,1
1454828742548084,66,1
1454828742548178,66,1
1454828742548272,66,1
1454828742548367,66,1
1454828742550103,66,1
1454828742550214,66,1
1454828742550312,66,1
1454828742550408,66,1
1454828742550503,66,1
1454828742550607,66,1
1454828742550693,66,1
1454828742550778,66,1
1454828742550862,66,1
1454828742550948,66,1
1454828742551032,66,1
1454828742717109,66,1
1454828742717331,66,1
1454828742717495,66,1
1454828742717654,66,1
1454828742717811,66,1
1454828742717969,66,1
1454828742718126,66,1
1454828742718282,66,1
1454828742718437,66,1
1454828742718593,66,1
1454828742718748,66,1
1454828742721252,66,1
1454828742721363,66,1
1454828742721462,66,1
1454828742721559,66,1
1454828742721654,66,1
1454828742721750,66,1
1454828742721845,66,1
1454828742721940,66,1
1454828742722033,66,1
1454828742722132,66,1
1454828742722228,66,1
1454828742723837,66,1
1454828742723946,66,1
1454828742724043,66,1
1454828742724138,66,1
1454828742724240,66,1
1454828742724326,66,1
1454828742724410,66,1
1454828742724496,66,1
1454828742724580,66,1
1454828742724666,66,1
1454828742724751,66,1
1454828742726187,66,1
1454828742726285,66,1
1454828742726372,66,1
1454828742726459,66,1
1454828742726544,66,1
1454828742726630,66,1
1454828742726715,66,1
1454828742726802,66,1
1454828742726888,66,1
1454828742726978,66,1
1454828742727063,66,1
1454828742893321,66,1
1454828742893541,66,1
1454828742893706,66,1
1454828742893866,66,1
1454828742894022,66,1
1454828742894179,66,1
1454828742894335,66,1
1454828742894490,66,1
1454828742894646,66,1
1454828742894802,66,1
1454828742894957,66,1
1454828742897838,66,1
1454828742897968,66,1
1454828742898149,66,1
1454828742898274,66,1
1454828742898378,66,1
1454828742898880,66,1
1454828742899008,66,1
1454828742899229,66,1
1454828742899353,66,1
1454828742899704,77,1
1454828742900014,77,1
1454828742903201,77,1
1454828742903298,77,1
1454828742903379,77,1
1454828742903458,77,1
1454828742903535,77,1
1454828742903614,77,1
1454828742903691,77,1
1454828742903768,77,1
1454828742903844,77,1
1454828742903922,77,1
1454828742903999,77,1
1454828743068299,77,1
1454828743068524,77,1
1454828743068688,77,1
1454828743068854,77,1
1454828743069012,77,1
1454828743069170,77,1
1454828743069328,77,1
1454828743069485,77,1
1454828743069641,77,1
1454828743069797,77,1
1454828743069953,77,1
1454828743072456,77,1
1454828743072569,77,1
1454828743072667,77,1
1454828743072764,77,1
1454828743072859,77,1
1454828743072955,77,1
1454828743073050,77,1
1454828743073145,77,1
1454828743073239,77,1
1454828743073333,77,1
1454828743073428,77,1
1454828743075191,77,1
1454828743075312,77,1
1454828743075401,77,1
1454828743075488,77,1
1454828743075574,77,1
1454828743075660,77,1
1454828743075746,77,1
1454828743075831,77,1
1454828743075918,77,1
1454828743076003,77,1
1454828743076089,77,1
1454828743078003,77,1
1454828743078127,77,1
1454828743078222,77,1
1454828743078310,77,1
1454828743078402,77,1
1454828743078480,77,1
1454828743078560,77,1
1454828743078638,77,1
1454828743078716,77,1
1454828743078794,77,1
1454828743078872,77,1
1454828743241838,77,1
1454828743241938,77,1
1454828743242013,77,1
1454828743242084,77,1
1454828743242156,77,1
1454828743242227,77,1
1454828743242298,77,1
1454828743242368,77,1
1454828743242438,77,1
1454828743242538,77,1
1454828743242618,77,1
1454828743244163,77,1
1454828743244249,77,1
1454828743244324,77,1
1454828743244416,77,1
1454828743244507,77,1
1454828743244598,77,1
1454828743244689,77,1
1454828743244779,77,1
1454828743244868,77,1
1454828743244958,77,1
1454828743245028,77,1
1454828743246801,77,1
1454828743246909,77,1
1454828743246983,77,1
1454828743247074,77,1
1454828743247166,77,1
1454828743247257,77,1
1454828743247348,77,1
1454828743247439,77,1
1454828743247529,77,1
1454828743247619,77,1
1454828743247709,77,1
1454828743413686,77,1
1454828743413913,77,1
1454828743414107,77,1
1454828743414277,77,1
1454828743414439,77,1
1454828743414612,77,1
1454828743414773,77,1
1454828743414934,77,1
1454828743415094,77,1
1454828743415289,77,1
1454828743415495,77,1
1454828743418238,77,1
1454828743418364,77,1
1454828743418471,77,1
1454828743418572,77,1
1454828743418673,77,1
1454828743418772,77,1
1454828743418878,77,1
1454828743419003,77,1
1454828743419187,77,1
1454828743419311,77,1
1454828743419416,77,1
1454828743421395,77,1
1454828743421505,77,1
1454828743421596,77,1
1454828743421684,77,1
1454828743421771,77,1
1454828743421858,77,1
1454828743421945,77,1
1454828743422031,77,1
1454828743422117,77,1
1454828743422203,77,1
1454828743422289,77,1
1454828743423770,77,1
1454828743423869,77,1
1454828743423954,77,1
1454828743424036,77,1
1454828743424118,77,1
1454828743424200,77,1
1454828743424282,77,1
1454828743424363,77,1
1454828743424443,77,1
1454828743424524,77,1
1454828743424606,77,1
1454828743588237,77,1
1454828743588449,77,1
1454828743588613,77,1
1454828743588772,77,1
1454828743588930,77,1
1454828743589088,77,1
1454828743589244,77,1
1454828743589399,77,1
1454828743589555,77,1
1454828743589712,77,1
1454828743589868,77,1
1454828743592390,77,1
1454828743592500,77,1
1454828743592599,77,1
1454828743592695,77,1
1454828743592789,77,1
1454828743592884,77,1
1454828743592978,77,1
1454828743593073,77,1
1454828743593167,77,1
1454828743593261,77,1
1454828743593355,77,1
1454828743595153,77,1
1454828743595266,77,1
1454828743595365,77,1
1454828743595461,77,1
1454828743595568,77,1
1454828743595654,77,1
1454828743595739,77,1
1454828743595824,77,1
1454828743595910,77,1
1454828743595995,77,1
1454828743596080,77,1
1454828743768420,77,1
1454828743768704,77,1
1454828743769920,77,1
1454828743770135,77,1
1454828743770528,77,1
1454828743770743,77,1
1454828743771094,77,1
1454828743772003,77,1
1454828743772223,77,1
1454828743772421,77,1
1454828743772617,77,1
1454828743775515,77,1
1454828743775628,77,1
1454828743775728,77,1
1454828743775823,77,1
1454828743775924,77,1
1454828743776009,77,1
1454828743776094,77,1
1454828743776179,77,1
1454828743776263,77,1
1454828743776348,77,1
1454828743776432,77,1
1454828743778021,77,1
1454828743778121,77,1
1454828743778211,77,1
1454828743778299,77,1
1454828743778386,77,1
1454828743778473,77,1
1454828743778560,77,1
1454828743778644,77,1
1454828743778730,77,1
1454828743778816,77,1
1454828743778911,77,1
1454828743780302,77,1
1454828743780395,77,1
1454828743780478,77,1
1454828743780557,77,1
1454828743780635,77,1
1454828743780715,77,1
1454828743780793,77,1
1454828743780874,77,1
1454828743780953,77,1
1454828743781031,77,1
1454828743781109,77,1
1454828743954483,77,1
1454828743954697,77,1
1454828743954862,77,1
1454828743955022,77,1
1454828743955180,77,1
1454828743955339,77,1
1454828743955496,77,1
1454828743955653,77,1
1454828743955810,77,1
1454828743955967,77,1
1454828743956124,77,1
1454828743958693,77,1
1454828743958807,77,1
1454828743958907,77,1
1454828743959004,77,1
1454828743959157,77,1
1454828743959268,77,1
1454828743959365,77,1
1454828743959460,77,1
1454828743959555,77,1
1454828743959651,77,1
1454828743959745,77,1
1454828743961597,77,1
1454828743961715,77,1
1454828743961828,77,1
1454828743961915,77,1
1454828743962002,77,1
1454828743962088,77,1
1454828743962174,77,1
1454828743962259,77,1
1454828743962345,77,1
1454828743962431,77,1
1454828743962516,77,1
1454828744128686,77,1
1454828744128909,77,1
1454828744129074,77,1
1454828744129234,77,1
1454828744129393,77,1
1454828744129552,77,1
1454828744129710,77,1
1454828744129866,77,1
1454828744130023,77,1
1454828744130180,77,1
1454828744130337,77,1
1454828744133056,77,1
1454828744133169,77,1
1454828744133269,77,1
1454828744133381,77,1
1454828744133477,77,1
1454828744133574,77,1
1454828744133669,77,1
1454828744133763,77,1
1454828744133859,77,1
1454828744133954,77,1
1454828744134049,77,1
1454828744135922,77,1
1454828744136039,77,1
1454828744136143,77,1
1454828744136230,77,1
1454828744136317,77,1
1454828744136404,77,1
1454828744136490,77,1
1454828744136576,77,1
1454828744136663,77,1
1454828744136761,77,1
1454828744136861,77,1
1454828744141957,77,1
1454828744142043,77,1
1454828744142119,77,1
1454828744142191,77,1
1454828744142264,77,1
1454828744142336,77,1
1454828744142408,77,1
1454828744142479,77,1
1454828744142550,77,1
1454828744142622,77,1
1454828744142693,77,1
1454828744312651,77,1
1454828744312864,77,1
1454828744313030,77,1
1454828744313189,77,1
1454828744313347,77,1
1454828744313506,77,1
1454828744313663,77,1
1454828744313820,77,1
1454828744313978,77,1
1454828744314135,77,1
1454828744314292,77,1
1454828744316745,77,1
1454828744317058,77,1
1454828744317357,77,1
1454828744317545,77,1
1454828744317711,77,1
1454828744317965,77,1
1454828744318286,77,1
1454828744318402,77,1
1454828744318504,77,1
1454828744318620,77,1
1454828744318722,77,1
1454828744323927,77,1
1454828744324023,77,1
1454828744324105,77,1
1454828744324184,77,1
1454828744324263,77,1
1454828744324342,77,1
1454828744324420,77,1
1454828744324498,77,1
1454828744324577,77,1
1454828744324656,77,1
1454828744324734,77,1
1454828744493324,77,1
1454828744493546,77,1
1454828744493711,77,1
1454828744493870,77,1
1454828744494027,77,1
1454828744494187,77,1
1454828744494345,77,1
1454828744494501,77,1
1454828744494658,77,1
1454828744494816,77,1
1454828744494973,77,1
1454828744497859,77,1
1454828744497975,77,1
1454828744498077,77,1
1454828744498174,77,1
1454828744498270,77,1
1454828744498367,77,1
1454828744498466,77,1
1454828744498561,77,1
1454828744498667,77,1
1454828744498765,77,1
1454828744498861,77,1
1454828744503032,77,1
1454828744503260,77,1
1454828744503462,77,1
1454828744503636,77,1
1454828744503743,77,1
1454828744503838,77,1
1454828744503974,77,1
1454828744504445,77,1
1454828744504573,77,1
1454828744504694,77,1
1454828744504858,77,1
1454828744507745,77,1
1454828744507836,77,1
1454828744507911,77,1
1454828744507985,77,1
1454828744508058,77,1
1454828744508142,77,1
1454828744508213,77,1
1454828744508284,77,1
1454828744508355,77,1
1454828744508426,77,1
1454828744508497,77,1
1454828744679376,77,1
1454828744679586,77,1
1454828744679752,77,1
1454828744679911,77,1
1454828744680070,77,1
1454828744680228,77,1
1454828744680397,77,1
1454828744680555,77,1
1454828744680712,77,1
1454828744680869,77,1
1454828744681025,77,1
1454828744683669,77,1
1454828744683782,77,1
1454828744683882,77,1
1454828744683979,77,1
1454828744684074,77,1
1454828744684170,77,1
1454828744684266,77,1
1454828744684361,77,1
1454828744684456,77,1
1454828744684552,77,1
1454828744684647,77,1
1454828744686542,77,1
1454828744686667,77,1
1454828744686760,77,1
1454828744686848,77,1
1454828744686935,77,1
1454828744687023,77,1
1454828744687110,77,1
1454828744687195,77,1
1454828744687282,77,1
1454828744687368,77,1
1454828744687455,77,1
1454828744853564,77,1
1454828744853788,77,1
1454828744853954,77,1
1454828744854114,77,1
1454828744854274,77,1
1454828744854435,77,1
1454828744854593,77,1
1454828744854751,77,1
1454828744854909,77,1
1454828744855068,77,1
1454828744855226,77,1
1454828744857832,77,1
1454828744857944,77,1
1454828744858045,77,1
1454828744858143,77,1
1454828744858240,77,1
1454828744858336,77,1
1454828744858433,77,1
1454828744858529,77,1
1454828744858625,77,1
1454828744858721,77,1
1454828744858817,77,1
1454828744860703,77,1
1454828744860819,77,1
1454828744860919,77,1
1454828744861033,77,1
1454828744861120,77,1
1454828744861205,77,1
1454828744861290,77,1
1454828744861374,77,1
1454828744861459,77,1
1454828744861543,77,1
1454828744861628,77,1
1454828744863281,77,1
1454828744863391,77,1
1454828744863483,77,1
1454828744863571,77,1
1454828744863659,77,1
1454828744863747,77,1
1454828744863833,77,1
1454828744863919,77,1
1454828744864016,77,1
1454828744864096,77,1
1454828744864174,77,1
1454828745031491,77,1
1454828745031705,77,1
1454828745031869,77,1
1454828745032030,77,1
1454828745032189,77,1
1454828745032354,77,1
1454828745032512,77,1
1454828745032669,77,1
1454828745032826,77,1
1454828745032990,77,1
1454828745033170,77,1
1454828745035715,77,1
1454828745035834,77,1
1454828745035936,77,1
1454828745036033,77,1
1454828745036130,77,1
1454828745036226,77,1
1454828745036323,77,1
1454828745036419,77,1
1454828745036515,77,1
1454828745036611,77,1
1454828745036707,77,1
1454828745038589,77,1
1454828745038702,77,1
1454828745038818,77,1
1454828745038906,77,1
1454828745038994,77,1
1454828745039280,77,1
1454828745039368,77,1
1454828745039456,77,1
1454828745039542,77,1
1454828745039629,77,1
1454828745039716,77,1
1454828745213367,77,1
1454828745213594,77,1
1454828745213760,77,1
1454828745213920,77,1
1454828745214078,77,1
1454828745214238,77,1
1454828745214396,77,1
1454828745214553,77,1
1454828745214711,77,1
1454828745214870,77,1
1454828745215027,77,1
1454828745217887,77,1
1454828745218005,77,1
1454828745218106,77,1
1454828745218204,77,1
1454828745218301,77,1
1454828745218399,77,1
1454828745218496,77,1
1454828745218593,77,1
1454828745218689,77,1
1454828745218786,77,1
1454828745218882,77,1
1454828745220521,77,1
1454828745220633,77,1
1454828745220740,77,1
1454828745220829,77,1
1454828745220916,77,1
1454828745221004,77,1
1454828745221090,77,1
1454828745221177,77,1
1454828745221264,77,1
1454828745221351,77,1
1454828745221437,77,1
1454828745226586,77,1
1454828745226711,77,1
1454828745227445,77,1
1454828745227523,77,1
1454828745227597,77,1
1454828745227671,77,1
1454828745227745,77,1
1454828745227818,77,1
1454828745227892,77,1
1454828745227976,77,1
1454828745228048,77,1
1454828745396008,77,1
1454828745396150,77,1
1454828745396251,77,1
1454828745396349,77,1
1454828745396446,77,1
1454828745396545,77,1
1454828745396641,77,1
1454828745396739,77,1
1454828745396839,77,1
1454828745396930,77,1
1454828745397019,77,1
1454828745398997,77,1
1454828745399103,77,1
1454828745399195,77,1
1454828745399283,77,1
1454828745399371,77,1
1454828745399459,77,1
1454828745399546,77,1
1454828745399633,77,1
1454828745399721,77,1
1454828745399817,77,1
1454828745399895,77,1
1454828745401653,77,1
1454828745401748,77,1
1454828745401830,77,1
1454828745401910,77,1
1454828745401987,77,1
1454828745402078,77,1
1454828745402194,77,1
1454828745402312,77,1
1454828745402425,77,1
1454828745402526,77,1
1454828745402626,77,1
1454828745568932,77,1
1454828745569094,77,1
1454828745569198,77,1
1454828745569297,77,1
1454828745569395,77,1
1454828745569493,77,1
1454828745569590,77,1
1454828745569688,77,1
1454828745569785,77,1
1454828745569884,77,1
1454828745569980,77,1
1454828745571915,77,1
1454828745572019,77,1
1454828745572111,77,1
1454828745572200,77,1
1454828745572288,77,1
1454828745572376,77,1
1454828745572464,77,1
1454828745572551,77,1
1454828745572638,77,1
1454828745572726,77,1
1454828745572814,77,1
1454828745574344,77,1
1454828745574446,77,1
1454828745574537,77,1
1454828745574626,77,1
1454828745574714,77,1
1454828745574802,77,1
1454828745574895,77,1
1454828745574975,77,1
1454828745575054,77,1
1454828745575134,77,1
1454828745575214,77,1
1454828745576757,77,1
1454828745576861,77,1
1454828745576946,77,1
1454828745577028,77,1
1454828745577109,77,1
1454828745577189,77,1
1454828745577268,77,1
1454828745577365,77,1
1454828745577438,77,1
1454828745577512,77,1
1454828745577585,77,1
1454828745747453,77,1
1454828745747668,77,1
1454828745747835,77,1
1454828745748016,77,1
1454828745748416,77,1
1454828745748863,77,1
1454828745749076,77,1
1454828745749305,77,1
1454828745749509,77,1
1454828745749906,77,1
1454828745750463,77,1
1454828745754813,77,1
1454828745754931,77,1
1454828745755033,77,1
1454828745755132,77,1
1454828745755229,77,1
1454828745755327,77,1
1454828745755423,77,1
1454828745755530,77,1
1454828745755617,77,1
1454828745755705,77,1
1454828745755792,77,1
1454828745757288,77,1
1454828745757392,77,1
1454828745757494,77,1
1454828745757582,77,1
1454828745757669,77,1
1454828745757757,77,1
1454828745757844,77,1
1454828745757932,77,1
1454828745758018,77,1
1454828745758106,77,1
1454828745758193,77,1
1454828745921258,77,1
1454828745921403,77,1
1454828745921504,77,1
1454828745921602,77,1
1454828745921699,77,1
1454828745921796,77,1
1454828745921893,77,1
1454828745921990,77,1
1454828745922086,77,1
1454828745922182,77,1
1454828745922278,77,1
1454828745924533,77,1
1454828745924642,77,1
1454828745924735,77,1
1454828745924825,77,1
1454828745924914,77,1
1454828745925004,77,1
1454828745925103,77,1
1454828745925192,77,1
1454828745925279,77,1
1454828745925368,77,1
1454828745925456,77,1
1454828745927013,77,1
1454828745927117,77,1
1454828745927209,77,1
1454828745927298,77,1
1454828745927385,77,1
1454828745927481,77,1
1454828745927560,77,1
1454828745927639,77,1
1454828745927716,77,1
1454828745927795,77,1
1454828745927873,77,1
1454828745933509,77,1
1454828745933606,77,1
1454828745933686,77,1
1454828745933771,77,1
1454828745933842,77,1
1454828745933915,77,1
1454828745933986,77,1
1454828745934058,77,1
1454828745934129,77,1
1454828745934200,77,1
1454828745934272,77,1
1454828746102119,77,1
1454828746102332,77,1
1454828746102501,77,1
1454828746102664,77,1
1454828746102825,77,1
1454828746102987,77,1
1454828746103230,77,1
1454828746103467,77,1
1454828746103691,77,1
1454828746103915,77,1
1454828746104156,77,1
1454828746107337,77,1
1454828746107466,77,1
1454828746107569,77,1
1454828746107668,77,1
1454828746107766,77,1
1454828746107864,77,1
1454828746107971,77,1
1454828746108068,77,1
1454828746108165,77,1
1454828746108264,77,1
1454828746108361,77,1
1454828746110133,77,1
1454828746110239,77,1
1454828746110331,77,1
1454828746110420,77,1
1454828746110508,77,1
1454828746110596,77,1
1454828746110683,77,1
1454828746110771,77,1
1454828746110857,77,1
1454828746110945,77,1
1454828746111033,77,1
1454828746276054,77,1
1454828746276294,77,1
1454828746276475,77,1
1454828746276829,77,1
1454828746277030,77,1
1454828746277345,77,1
1454828746277533,77,1
1454828746277704,77,1
1454828746277869,77,1
1454828746278044,77,1
1454828746278781,77,1
1454828746285012,77,1
1454828746285117,77,1
1454828746285208,77,1
1454828746285297,77,1
1454828746285384,77,1
1454828746285472,77,1
1454828746285558,77,1
1454828746285645,77,1
1454828746285731,77,1
1454828746285818,77,1
1454828746285904,77,1
1454828746287457,77,1
1454828746287552,77,1
1454828746287635,77,1
1454828746287717,77,1
1454828746287796,77,1
1454828746287877,77,1
1454828746287956,77,1
1454828746288036,77,1
1454828746288115,77,1
1454828746288195,77,1
1454828746288275,77,1
1454828746289710,77,1
1454828746289798,77,1
1454828746289875,77,1
1454828746289949,77,1
1454828746290023,77,1
1454828746290096,77,1
1454828746290169,77,1
1454828746290241,77,1
1454828746290314,77,1
1454828746290387,77,1
1454828746290459,77,1
1454828746460488,77,1
1454828746460637,77,1
1454828746460739,77,1
1454828746460839,77,1
1454828746460937,77,1
1454828746461036,77,1
1454828746461134,77,1
1454828746461232,77,1
1454828746461329,77,1
1454828746461428,77,1
1454828746461525,77,1
1454828746463443,77,1
1454828746463556,77,1
1454828746463649,77,1
1454828746463739,77,1
1454828746463827,77,1
1454828746463917,77,1
1454828746464005,77,1
1454828746464093,77,1
1454828746464181,77,1
1454828746464270,77,1
1454828746464359,77,1
1454828746465907,77,1
1454828746466010,77,1
1454828746466102,77,1
1454828746466191,77,1
1454828746466279,77,1
1454828746466377,77,1
1454828746466457,77,1
1454828746466537,77,1
1454828746466617,77,1
1454828746466698,77,1
1454828746466778,77,1
1454828746633139,77,1
1454828746633367,77,1
1454828746633534,77,1
1454828746633697,77,1
1454828746633859,77,1
1454828746634021,77,1
1454828746634181,77,1
1454828746634341,77,1
1454828746634500,77,1
1454828746634660,77,1
1454828746634820,77,1
1454828746638291,77,1
1454828746638553,77,1
1454828746638717,77,1
1454828746638950,77,1
1454828746639371,77,1
1454828746639508,77,1
1454828746639780,77,1
1454828746640064,77,1
1454828746640339,77,1
1454828746641012,77,1
1454828746641179,77,1
1454828746644702,77,1
1454828746644805,77,1
1454828746644887,77,1
1454828746644967,77,1
1454828746645046,77,1
1454828746645137,77,1
1454828746645212,77,1
1454828746645285,77,1
1454828746645358,77,1
1454828746645431,77,1
1454828746645513,77,1
1454828746646897,77,1
1454828746646981,77,1
1454828746647056,77,1
1454828746647129,77,1
1454828746647201,77,1
1454828746647274,77,1
1454828746647345,77,1
1454828746647417,77,1
1454828746647490,77,1
1454828746647562,77,1
1454828746647634,77,1
1454828746821406,77,1
1454828746821624,77,1
1454828746821792,77,1
1454828746821956,77,1
1454828746822117,77,1
1454828746822279,77,1
1454828746822441,77,1
1454828746822601,77,1
1454828746822761,77,1
1454828746822922,77,1
1454828746823082,77,1
1454828746825597,77,1
1454828746825710,77,1
1454828746825811,77,1
1454828746825910,77,1
1454828746826008,77,1
1454828746826106,77,1
1454828746826203,77,1
1454828746826300,77,1
1454828746826397,77,1
1454828746826495,77,1
1454828746826592,77,1
1454828746828611,77,1
1454828746828729,77,1
1454828746828835,77,1
1454828746828925,77,1
1454828746829014,77,1
1454828746829106,77,1
1454828746829194,77,1
1454828746829283,77,1
1454828746829370,77,1
1454828746829459,77,1
1454828746829546,77,1
1454828746995992,77,1
1454828746996221,77,1
1454828746996389,77,1
1454828746996553,77,1
1454828746996715,77,1
1454828746996880,77,1
1454828746997041,77,1
1454828746997202,77,1
1454828746997363,77,1
1454828746997526,77,1
1454828746997688,77,1
1454828747000099,77,1
1454828747000218,77,1
1454828747000322,77,1
1454828747000423,77,1
1454828747000521,77,1
1454828747000620,77,1
1454828747000717,77,1
1454828747000862,77,1
1454828747001026,77,1
1454828747001131,77,1
1454828747001244,77,1
1454828747003832,77,1
1454828747003953,77,1
1454828747004045,77,1
1454828747004135,77,1
1454828747004223,77,1
1454828747004313,77,1
1454828747004401,77,1
1454828747004490,77,1
1454828747004578,77,1
1454828747004667,77,1
1454828747004755,77,1
1454828747006894,77,1
1454828747007003,77,1
1454828747007087,77,1
1454828747007169,77,1
1454828747007250,77,1
1454828747007346,77,1
1454828747007462,77,1
1454828747007543,77,1
1454828747007624,77,1
1454828747007705,77,1
1454828747007784,77,1
1454828747175298,77,1
1454828747175512,77,1
1454828747175682,77,1
1454828747175844,77,1
1454828747176006,77,1
1454828747176185,77,1
1454828747176345,77,1
1454828747176506,77,1
1454828747176665,77,1
1454828747176827,77,1
1454828747177021,77,1
1454828747182471,77,1
1454828747182596,77,1
1454828747182701,77,1
1454828747182801,77,1
1454828747182908,77,1
1454828747182997,77,1
1454828747183086,77,1
1454828747183175,77,1
1454828747183262,77,1
1454828747183351,77,1
1454828747183439,77,1
1454828747184906,77,1
1454828747185009,77,1
1454828747185100,77,1
1454828747185190,77,1
1454828747185279,77,1
1454828747185368,77,1
1454828747185457,77,1
1454828747185811,77,1
1454828747186085,77,1
1454828747186186,77,1
1454828747186273,77,1
1454828747353767,77,1
1454828747354400,75,1
1454828747354568,75,1
1454828747354733,75,1
1454828747354896,75,1
1454828747355060,75,1
1454828747355221,75,1
1454828747355383,75,1
1454828747355649,75,1
1454828747355892,75,1
1454828747356094,75,1
1454828747365138,75,1
1454828747365278,75,1
1454828747365383,75,1
1454828747365486,75,1
1454828747365601,75,1
1454828747365709,75,1
1454828747365794,75,1
1454828747365875,75,1
1454828747365955,75,1
1454828747366036,75,1
1454828747366117,75,1
1454828747367906,75,1
1454828747367997,75,1
1454828747368076,75,1
1454828747368151,75,1
1454828747368226,75,1
1454828747368301,75,1
1454828747368375,75,1
1454828747368460,75,1
1454828747368531,75,1
1454828747368602,75,1
1454828747368674,75,1
1454828747370288,75,1
1454828747370381,75,1
1454828747370455,75,1
1454828747370526,75,1
1454828747370596,75,1
1454828747370667,75,1
1454828747370737,75,1
1454828747370807,75,1
1454828747370878,75,1
1454828747370947,75,1
1454828747371017,75,1
1454828747534618,75,1
1454828747534833,75,1
1454828747535021,75,1
1454828747535185,75,1
1454828747535347,75,1
1454828747535511,75,1
1454828747535671,75,1
1454828747535832,75,1
1454828747535993,75,1
1454828747536154,75,1
1454828747536316,75,1
1454828747538922,75,1
1454828747539037,75,1
1454828747539140,75,1
1454828747539239,75,1
1454828747539338,75,1
1454828747539436,75,1
1454828747539533,75,1
1454828747539631,75,1
1454828747539728,75,1
1454828747539826,75,1
1454828747539924,75,1
1454828747541675,75,1
1454828747541790,75,1
1454828747541902,75,1
1454828747541991,75,1
1454828747542080,75,1
1454828747542169,75,1
1454828747542257,75,1
1454828747542345,75,1
1454828747542434,75,1
1454828747542522,75,1
1454828747542610,75,1
1454828747710048,75,1
1454828747710275,75,1
1454828747710459,75,1
1454828747710623,75,1
1454828747710786,75,1
1454828747710954,75,1
1454828747711073,75,1
1454828747711171,75,1
1454828747711269,75,1
1454828747711367,75,1
1454828747711465,75,1
1454828747713470,75,1
1454828747713590,75,1
1454828747713694,75,1
1454828747713794,75,1
1454828747713894,75,1
1454828747713993,75,1
1454828747714092,75,1
1454828747714190,75,1
1454828747714289,75,1
1454828747714388,75,1
1454828747714519,75,1
1454828747716537,75,1
1454828747716653,75,1
1454828747716746,75,1
1454828747716835,75,1
1454828747716923,75,1
1454828747717012,75,1
1454828747717099,75,1
1454828747717189,75,1
1454828747717276,75,1
1454828747717364,75,1
1454828747717451,75,1
1454828747718988,75,1
1454828747719083,75,1
1454828747719166,75,1
1454828747719246,75,1
1454828747719327,75,1
1454828747719406,75,1
1454828747719486,75,1
1454828747719566,75,1
1454828747719645,75,1
1454828747719725,75,1
1454828747719804,75,1
1454828747889761,75,1
1454828747889899,75,1
1454828747890002,75,1
1454828747890101,75,1
1454828747890200,75,1
1454828747890301,75,1
1454828747890400,75,1
1454828747890497,75,1
1454828747890595,75,1
1454828747890693,75,1
1454828747890791,75,1
1454828747892620,75,1
1454828747892738,75,1
1454828747892852,75,1
1454828747892943,75,1
1454828747893032,75,1
1454828747893122,75,1
1454828747893210,75,1
1454828747893299,75,1
1454828747893388,75,1
1454828747893476,75,1
1454828747893565,75,1
1454828747895185,75,1
1454828747895291,75,1
1454828747895384,75,1
1454828747895472,75,1
1454828747895560,75,1
1454828747895648,75,1
1454828747895735,75,1
1454828747895822,75,1
1454828747895919,75,1
1454828747895999,75,1
1454828747896079,75,1
1454828748062242,75,1
1454828748062468,75,1
1454828748062638,75,1
1454828748062802,75,1
1454828748062965,75,1
1454828748063129,75,1
1454828748063292,75,1
1454828748063452,75,1
1454828748063613,75,1
1454828748063775,75,1
1454828748063936,75,1
1454828748066699,75,1
1454828748066818,75,1
1454828748066923,75,1
1454828748067024,75,1
1454828748067124,75,1
1454828748067224,75,1
1454828748067335,75,1
1454828748067465,75,1
1454828748067616,75,1
1454828748067722,75,1
1454828748067827,75,1
1454828748070219,75,1
1454828748070340,75,1
1454828748070433,75,1
1454828748070524,75,1
1454828748070613,75,1
1454828748070702,75,1
1454828748070791,75,1
1454828748070879,75,1
1454828748070967,75,1
1454828748071056,75,1
1454828748071144,75,1
1454828748072747,75,1
1454828748072854,75,1
1454828748072948,75,1
1454828748073038,75,1
1454828748073128,75,1
1454828748073217,75,1
1454828748073321,75,1
1454828748073402,75,1
1454828748073482,75,1
1454828748073562,75,1
1454828748073642,75,1
1454828748243347,75,1
1454828748243566,75,1
1454828748243738,75,1
1454828748243902,75,1
1454828748244066,75,1
1454828748244229,75,1
1454828748244392,75,1
1454828748244553,75,1
1454828748244715,75,1
1454828748244877,75,1
1454828748245040,75,1
1454828748247329,75,1
1454828748247443,75,1
1454828748247545,75,1
1454828748247645,75,1
1454828748247743,75,1
1454828748247842,75,1
1454828748247940,75,1
1454828748248038,75,1
1454828748248136,75,1
1454828748248235,75,1
1454828748248333,75,1
1454828748250270,75,1
1454828748250381,75,1
1454828748250473,75,1
1454828748250562,75,1
1454828748250651,75,1
1454828748250740,75,1
1454828748250827,75,1
1454828748250915,75,1
1454828748251001,75,1
1454828748251089,75,1
1454828748251195,75,1
1454828748423783,75,1
1454828748424009,75,1
1454828748424183,75,1
1454828748424348,75,1
1454828748424512,75,1
1454828748424676,75,1
1454828748424839,75,1
1454828748425002,75,1
1454828748425166,75,1
1454828748425329,75,1
1454828748425492,75,1
1454828748427886,75,1
1454828748428004,75,1
1454828748428107,75,1
1454828748428207,75,1
1454828748428307,75,1
1454828748428411,75,1
1454828748428510,75,1
1454828748428610,75,1
1454828748428709,75,1
1454828748428852,75,1
1454828748428955,75,1
1454828748431333,75,1
1454828748431454,75,1
1454828748431549,75,1
1454828748431640,75,1
1454828748431760,75,1
1454828748431905,75,1
1454828748431999,75,1
1454828748432090,75,1
1454828748432181,75,1
1454828748432271,75,1
1454828748432361,75,1
1454828748434067,75,1
1454828748434165,75,1
1454828748434249,75,1
1454828748434331,75,1
1454828748434414,75,1
1454828748434495,75,1
1454828748434576,75,1
1454828748434657,75,1
1454828748434738,75,1
1454828748434819,75,1
1454828748434900,75,1
1454828748597104,75,1
1454828748597322,75,1
1454828748597495,75,1
1454828748597660,75,1
1454828748597825,75,1
1454828748597989,75,1
1454828748598152,75,1
1454828748598315,75,1
1454828748598476,75,1
1454828748598639,75,1
1454828748598802,75,1
1454828748606417,75,1
1454828748606528,75,1
1454828748606621,75,1
1454828748606710,75,1
1454828748606798,75,1
1454828748606887,75,1
1454828748606974,75,1
1454828748607061,75,1
1454828748607149,75,1
1454828748607237,75,1
1454828748607325,75,1
1454828748608757,75,1
1454828748608851,75,1
1454828748608935,75,1
1454828748609017,75,1
1454828748609097,75,1
1454828748609179,75,1
1454828748609259,75,1
1454828748609339,75,1
1454828748609419,75,1
1454828748609498,75,1
1454828748609578,75,1
1454828748775066,75,1
1454828748775291,75,1
1454828748775462,75,1
1454828748775626,75,1
1454828748775790,75,1
1454828748775955,75,1
1454828748776118,75,1
1454828748776279,75,1
1454828748776441,75,1
1454828748776602,75,1
1454828748776766,75,1
1454828748779346,75,1
1454828748779468,75,1
1454828748779571,75,1
1454828748779670,75,1
1454828748779771,75,1
1454828748779870,75,1
1454828748779969,75,1
1454828748780068,75,1
1454828748780166,75,1
1454828748780276,75,1
1454828748780419,75,1
1454828748788198,75,1
1454828748788310,75,1
1454828748788389,75,1
1454828748788466,75,1
1454828748788543,75,1
1454828748788619,75,1
1454828748788756,75,1
1454828748788853,75,1
1454828748788935,75,1
1454828748789024,75,1
1454828748789102,75,1
1454828748790877,75,1
1454828748790972,75,1
1454828748791049,75,1
1454828748791124,75,1
1454828748791198,75,1
1454828748791272,75,1
1454828748791345,75,1
1454828748791418,75,1
1454828748791491,75,1
1454828748791565,75,1
1454828748791638,75,1
1454828748957849,75,1
1454828748957988,75,1
1454828748958093,75,1
1454828748958194,75,1
1454828748958366,75,1
1454828748958531,75,1
1454828748958695,75,1
1454828748958858,75,1
1454828748959023,75,1
1454828748959201,75,1
1454828748959370,75,1
1454828748961506,75,1
1454828748961694,75,1
1454828748961823,75,1
1454828748961923,75,1
1454828748962022,75,1
1454828748962122,75,1
1454828748962220,75,1
1454828748962319,75,1
1454828748962418,75,1
1454828748962517,75,1
1454828748962616,75,1
1454828748964471,75,1
1454828748964590,75,1
1454828748964695,75,1
1454828748964796,75,1
1454828748964960,75,1
1454828748965060,75,1
1454828748965159,75,1
1454828748965258,75,1
1454828748965356,75,1
1454828748965455,75,1
1454828748965553,75,1
1454828749129853,75,1
1454828749130164,75,1
1454828749130295,75,1
1454828749130403,75,1
1454828749130511,75,1
1454828749130617,75,1
1454828749130720,75,1
1454828749130863,75,1
1454828749130985,75,1
1454828749131218,75,1
1454828749131440,75,1
1454828749136310,75,1
1454828749136428,75,1
1454828749136513,75,1
1454828749136595,75,1
1454828749136676,75,1
1454828749136758,75,1
1454828749136839,75,1
1454828749136919,75,1
1454828749137048,75,1
1454828749137144,75,1
1454828749137230,75,1
1454828749138795,75,1
1454828749138901,75,1
1454828749138980,75,1
1454828749139056,75,1
1454828749139131,75,1
1454828749139205,75,1
1454828749139280,75,1
1454828749139354,75,1
1454828749139428,75,1
1454828749139503,75,1
1454828749139577,75,1
1454828749140927,75,1
1454828749141015,75,1
1454828749141092,75,1
1454828749141166,75,1
1454828749141240,75,1
1454828749141314,75,1
1454828749141387,75,1
1454828749141460,75,1
1454828749141533,75,1
1454828749141607,75,1
1454828749141680,75,1
1454828749311538,75,1
1454828749311756,75,1
1454828749311929,75,1
1454828749312095,75,1
1454828749312261,75,1
1454828749312438,75,1
1454828749312602,75,1
1454828749312765,75,1
1454828749312931,75,1
1454828749313094,75,1
1454828749313257,75,1
1454828749316501,75,1
1454828749316639,75,1
1454828749316745,75,1
1454828749316846,75,1
1454828749316949,75,1
1454828749317060,75,1
1454828749317171,75,1
1454828749317272,75,1
1454828749317374,75,1
1454828749317475,75,1
1454828749317669,75,1
1454828749322643,75,1
1454828749322822,75,1
1454828749323080,75,1
1454828749323408,75,1
1454828749323566,75,1
1454828749323729,75,1
1454828749323901,75,1
1454828749324142,75,1
1454828749324708,75,1
1454828749325096,75,1
1454828749325243,75,1
1454828749496408,75,1
1454828749496616,75,1
1454828749496791,75,1
1454828749496930,75,1
1454828749497032,75,1
1454828749497133,75,1
1454828749497234,75,1
1454828749497335,75,1
1454828749497480,75,1
1454828749497805,88,1
1454828749497907,88,1
1454828749499728,88,1
1454828749499899,88,1
1454828749500003,88,1
1454828749500105,88,1
1454828749500205,88,1
1454828749500309,88,1
1454828749500410,88,1
1454828749500510,88,1
1454828749500609,88,1
1454828749500709,88,1
1454828749500809,88,1
1454828749502550,88,1
1454828749502656,88,1
1454828749502750,88,1
1454828749502842,88,1
1454828749502933,88,1
1454828749503024,88,1
1454828749503115,88,1
1454828749503206,88,1
1454828749503296,88,1
1454828749503387,88,1
1454828749503477,88,1
1454828749505353,88,1
1454828749505451,88,1
1454828749505537,88,1
1454828749505621,88,1
1454828749505704,88,1
1454828749505787,88,1
1454828749505870,88,1
1454828749505952,88,1
1454828749506034,88,1
1454828749506117,88,1
1454828749506199,88,1
1454828749674327,88,1
1454828749674548,88,1
1454828749674718,88,1
1454828749674884,88,1
1454828749675050,88,1
1454828749675217,88,1
1454828749675382,88,1
1454828749675546,88,1
1454828749675712,88,1
1454828749675879,88,1
1454828749676044,88,1
1454828749678782,88,1
1454828749678900,88,1
1454828749679005,88,1
1454828749679107,88,1
1454828749679208,88,1
1454828749679307,88,1
1454828749679407,88,1
1454828749679506,88,1
1454828749679606,88,1
1454828749679706,88,1
1454828749679806,88,1
1454828749683860,88,1
1454828749683969,88,1
1454828749684061,88,1
1454828749684151,88,1
1454828749684240,88,1
1454828749684432,88,1
1454828749684660,88,1
1454828749685389,88,1
1454828749685565,88,1
1454828749685691,88,1
1454828749686574,88,1
1454828749854022,88,1
1454828749854252,88,1
1454828749854424,88,1
1454828749854592,88,1
1454828749854759,88,1
1454828749854926,88,1
1454828749855091,88,1
1454828749855256,88,1
1454828749855445,88,1
1454828749855645,88,1
1454828749855882,88,1
1454828749859578,88,1
1454828749859713,88,1
1454828749859818,88,1
1454828749859921,88,1
1454828749860023,88,1
1454828749860154,88,1
1454828749860307,88,1
1454828749860434,88,1
1454828749860546,88,1
1454828749860650,88,1
1454828749860751,88,1
1454828749862398,88,1
1454828749862506,88,1
1454828749862600,88,1
1454828749862693,88,1
1454828749862783,88,1
1454828749862876,88,1
1454828749862966,88,1
1454828749863060,88,1
1454828749863157,88,1
1454828749863248,88,1
1454828749863338,88,1
1454828749864912,88,1
1454828749865008,88,1
1454828749865094,88,1
1454828749865178,88,1
1454828749865260,88,1
1454828749865343,88,1
1454828749865425,88,1
1454828749865508,88,1
1454828749865594,88,1
1454828749865677,88,1
1454828749865759,88,1
1454828750033917,88,1
1454828750034150,88,1
1454828750034345,88,1
1454828750034548,88,1
1454828750035089,88,1
1454828750035301,88,1
1454828750035479,88,1
1454828750036157,88,1
1454828750036947,88,1
1454828750037219,88,1
1454828750037488,88,1
1454828750040571,88,1
1454828750040679,88,1
1454828750040772,88,1
1454828750040862,88,1
1454828750040953,88,1
1454828750041043,88,1
1454828750041133,88,1
1454828750041222,88,1
1454828750041311,88,1
1454828750041400,88,1
1454828750041489,88,1
1454828750043145,88,1
1454828750043244,88,1
1454828750043329,88,1
1454828750043412,88,1
1454828750043494,88,1
1454828750043585,88,1
1454828750043667,88,1
1454828750043748,88,1
1454828750043829,88,1
1454828750043911,88,1
1454828750043992,88,1
1454828750211980,88,1
1454828750212208,88,1
1454828750212379,88,1
1454828750212545,88,1
1454828750212710,88,1
1454828750212876,88,1
1454828750213039,88,1
1454828750213204,88,1
1454828750213366,88,1
1454828750213531,88,1
1454828750213694,88,1
1454828750216425,88,1
1454828750216547,88,1
1454828750216653,88,1
1454828750216766,88,1
1454828750216866,88,1
1454828750216968,88,1
1454828750217069,88,1
1454828750217169,88,1
1454828750217268,88,1
1454828750217368,88,1
1454828750217468,88,1
1454828750219094,88,1
1454828750219209,88,1
1454828750219324,88,1
1454828750219416,88,1
1454828750219507,88,1
1454828750219598,88,1
1454828750219688,88,1
1454828750219779,88,1
1454828750219869,88,1
1454828750219960,88,1
1454828750220050,88,1
1454828750221488,88,1
1454828750221591,88,1
1454828750221684,88,1
1454828750221780,88,1
1454828750222487,88,1
1454828750222700,88,1
1454828750222800,88,1
1454828750222889,88,1
1454828750222974,88,1
1454828750223061,88,1
1454828750223213,88,1
1454828750391139,88,1
1454828750391362,88,1
1454828750391537,88,1
1454828750391706,88,1
1454828750391873,88,1
1454828750392059,88,1
1454828750392225,88,1
1454828750392390,88,1
1454828750392555,88,1
1454828750392721,88,1
1454828750392887,88,1
1454828750395743,88,1
1454828750395868,88,1
1454828750395974,88,1
1454828750396076,88,1
1454828750396177,88,1
1454828750396278,88,1
1454828750396378,88,1
1454828750396478,88,1
1454828750396577,88,1
1454828750396678,88,1
1454828750396788,88,1
1454828750400731,88,1
1454828750400847,88,1
1454828750400942,88,1
1454828750401034,88,1
1454828750401124,88,1
1454828750401215,88,1
1454828750401305,88,1
1454828750401396,88,1
1454828750401486,88,1
1454828750401576,88,1
1454828750401676,88,1
1454828750576938,88,1
1454828750577248,88,1
1454828750577457,88,1
1454828750577630,88,1
1454828750577798,88,1
1454828750577981,88,1
1454828750578157,88,1
1454828750578324,88,1
1454828750578500,88,1
1454828750578667,88,1
1454828750578832,88,1
1454828750581356,88,1
1454828750581474,88,1
1454828750581579,88,1
1454828750581682,88,1
1454828750581783,88,1
1454828750581885,88,1
1454828750581985,88,1
1454828750582086,88,1
1454828750582187,88,1
1454828750582287,88,1
1454828750582388,88,1
1454828750586255,88,1
1454828750586363,88,1
1454828750586457,88,1
1454828750586547,88,1
1454828750586637,88,1
1454828750586727,88,1
1454828750586816,88,1
1454828750586905,88,1
1454828750586994,88,1
1454828750587083,88,1
1454828750587172,88,1
1454828750588743,88,1
1454828750588843,88,1
1454828750588929,88,1
1454828750589013,88,1
1454828750589096,88,1
1454828750589179,88,1
1454828750589262,88,1
1454828750589410,88,1
1454828750589659,88,1
1454828750589835,88,1
1454828750589997,88,1
1454828750751279,88,1
1454828750751502,88,1
1454828750751677,88,1
1454828750751847,88,1
1454828750752014,88,1
1454828750752183,88,1
1454828750752349,88,1
1454828750752516,88,1
1454828750752684,88,1
1454828750752851,88,1
1454828750753017,88,1
1454828750755076,88,1
1454828750755192,88,1
1454828750755297,88,1
1454828750755399,88,1
1454828750755501,88,1
1454828750755602,88,1
1454828750755703,88,1
1454828750755805,88,1
1454828750755906,88,1
1454828750756008,88,1
1454828750756108,88,1
1454828750760079,88,1
1454828750760188,88,1
1454828750760283,88,1
1454828750760374,88,1
1454828750760464,88,1
1454828750760564,88,1
1454828750760645,88,1
1454828750760726,88,1
1454828750760807,88,1
1454828750760889,88,1
1454828750760970,88,1
1454828750923588,88,1
1454828750923772,88,1
1454828750923920,88,1
1454828750924070,88,1
1454828750924237,88,1
1454828750924393,88,1
1454828750924540,88,1
1454828750924710,88,1
1454828750924918,88,1
1454828750925083,88,1
1454828750925203,88,1
1454828750927494,88,1
1454828750927706,88,1
1454828750927813,88,1
1454828750927892,88,1
1454828750927969,88,1
1454828750928047,88,1
1454828750928124,88,1
1454828750928208,88,1
1454828750928248,88,1
1454828750928326,88,1
1454828750928403,88,1
1454828750930270,88,1
1454828750930365,88,1
1454828750930446,88,1
1454828750930523,88,1
1454828750930600,88,1
1454828750930676,88,1
1454828750930753,88,1
1454828750930828,88,1
1454828750930904,88,1
1454828750930985,88,1
1454828750931108,88,1
1454828750933013,88,1
1454828750933145,88,1
1454828750933273,88,1
1454828750933404,88,1
1454828750933519,88,1
1454828750933642,88,1
1454828750933764,88,1
1454828750933882,88,1
1454828750934001,88,1
1454828750934118,88,1
1454828750934237,88,1
1454828751102238,88,1
1454828751102464,88,1
1454828751102639,88,1
1454828751102808,88,1
1454828751102975,88,1
1454828751103143,88,1
1454828751103312,88,1
1454828751103478,88,1
1454828751103644,88,1
1454828751103811,88,1
1454828751103977,88,1
1454828751106975,88,1
1454828751107099,88,1
1454828751107206,88,1
1454828751107308,88,1
1454828751107409,88,1
1454828751107510,88,1
1454828751107611,88,1
1454828751107711,88,1
1454828751107812,88,1
1454828751107913,88,1
1454828751108014,88,1
1454828751111969,88,1
1454828751112079,88,1
1454828751112174,88,1
1454828751112266,88,1
1454828751112357,88,1
1454828751112448,88,1
1454828751112539,88,1
1454828751112633,88,1
1454828751112725,88,1
1454828751112808,88,1
1454828751112891,88,1
1454828751283370,88,1
1454828751283610,88,1
1454828751283784,88,1
1454828751283952,88,1
1454828751284119,88,1
1454828751284287,88,1
1454828751284481,88,1
1454828751285161,88,1
1454828751285569,88,1
1454828751285792,88,1
1454828751286045,88,1
1454828751294858,88,1
1454828751294961,88,1
1454828751295048,88,1
1454828751295132,88,1
1454828751295215,88,1
1454828751295299,88,1
1454828751295381,88,1
1454828751295464,88,1
1454828751295548,88,1
1454828751295631,88,1
1454828751295714,88,1
1454828751297120,88,1
1454828751297212,88,1
1454828751297293,88,1
1454828751297371,88,1
1454828751297458,88,1
1454828751297536,88,1
1454828751297613,88,1
1454828751297689,88,1
1454828751297766,88,1
1454828751297842,88,1
1454828751297918,88,1
1454828751299176,88,1
1454828751299263,88,1
1454828751299341,88,1
1454828751299417,88,1
1454828751299493,88,1
1454828751299568,88,1
1454828751299643,88,1
1454828751299718,88,1
1454828751299793,88,1
1454828751299869,88,1
1454828751299944,88,1
1454828751465596,88,1
1454828751465819,88,1
1454828751465994,88,1
1454828751466164,88,1
1454828751466335,88,1
1454828751466506,88,1
1454828751466686,88,1
1454828751466854,88,1
1454828751467020,88,1
1454828751467188,88,1
1454828751467356,88,1
1454828751469439,88,1
1454828751469560,88,1
1454828751469665,88,1
1454828751469768,88,1
1454828751469870,88,1
1454828751469972,88,1
1454828751470074,88,1
1454828751470175,88,1
1454828751470276,88,1
1454828751470377,88,1
1454828751470486,88,1
1454828751472381,88,1
1454828751472492,88,1
1454828751472589,88,1
1454828751472682,88,1
1454828751472774,88,1
1454828751472866,88,1
1454828751472958,88,1
1454828751473053,88,1
1454828751473144,88,1
1454828751473236,88,1
1454828751473328,88,1
1454828751644969,88,1
1454828751645203,88,1
1454828751645381,88,1
1454828751645550,88,1
1454828751645720,88,1
1454828751645890,88,1
1454828751646057,88,1
1454828751646225,88,1
1454828751646392,88,1
1454828751646561,88,1
1454828751646728,88,1
1454828751649502,88,1
1454828751649622,88,1
1454828751649729,88,1
1454828751649833,88,1
1454828751649935,88,1
1454828751650259,97,1
1454828751650363,97,1
1454828751650465,97,1
1454828751650566,97,1
1454828751650669,97,1
1454828751650771,97,1
1454828751652509,97,1
1454828751652620,97,1
1454828751652716,97,1
1454828751652809,97,1
1454828751652901,97,1
1454828751652993,97,1
1454828751653085,97,1
1454828751653176,97,1
1454828751653268,97,1
1454828751653359,97,1
1454828751653451,97,1
1454828751654963,97,1
1454828751655071,97,1
1454828751655166,97,1
1454828751655259,97,1
1454828751655351,97,1
1454828751655448,97,1
1454828751655548,97,1
1454828751655631,97,1
1454828751655715,97,1
1454828751655798,97,1
1454828751655882,97,1
1454828751827336,97,1
1454828751827485,97,1
1454828751827591,97,1
1454828751827752,97,1
1454828751827855,97,1
1454828751827957,97,1
1454828751828059,97,1
1454828751828160,97,1
1454828751828261,97,1
1454828751828409,97,1
1454828751828510,97,1
1454828751830429,97,1
1454828751830568,97,1
1454828751830673,97,1
1454828751830776,97,1
1454828751830878,97,1
1454828751831000,97,1
1454828751831092,97,1
1454828751831183,97,1
1454828751831275,97,1
1454828751831366,97,1
1454828751831458,97,1
1454828751833260,97,1
1454828751833372,97,1
1454828751833468,97,1
1454828751833563,97,1
1454828751833656,97,1
1454828751833748,97,1
1454828751833840,97,1
1454828751833932,97,1
1454828751834029,97,1
1454828751834113,97,1
1454828751834197,97,1
1454828752003750,97,1
1454828752003915,97,1
1454828752004023,97,1
1454828752004127,97,1
1454828752004231,97,1
1454828752004335,97,1
1454828752004512,97,1
1454828752004789,97,1
1454828752004898,97,1
1454828752005002,97,1
1454828752005105,97,1
1454828752007429,97,1
1454828752007559,97,1
1454828752007666,97,1
1454828752007769,97,1
1454828752007891,97,1
1454828752007984,97,1
1454828752008076,97,1
1454828752008167,97,1
1454828752008259,97,1
1454828752008351,97,1
1454828752008443,97,1
1454828752010324,97,1
1454828752010478,97,1
1454828752010600,97,1
1454828752010720,97,1
1454828752010839,97,1
1454828752010961,97,1
1454828752011069,97,1
1454828752011176,97,1
1454828752011288,97,1
1454828752011399,97,1
1454828752011517,97,1
1454828752017002,97,1
1454828752017103,97,1
1454828752017186,97,1
1454828752017293,97,1
1454828752017389,97,1
1454828752017485,97,1
1454828752017581,97,1
1454828752017676,97,1
1454828752017770,97,1
1454828752017846,97,1
1454828752017942,97,1
1454828752186944,97,1
1454828752187169,97,1
1454828752187345,97,1
1454828752187517,97,1
1454828752187684,97,1
1454828752187854,97,1
1454828752188021,97,1
1454828752188187,97,1
1454828752188353,97,1
1454828752188520,97,1
1454828752188687,97,1
1454828752191532,97,1
1454828752191655,97,1
1454828752191830,97,1
1454828752192088,97,1
1454828752192526,97,1
1454828752192767,97,1
1454828752192967,97,1
1454828752193129,97,1
1454828752193506,97,1
1454828752193638,97,1
1454828752193750,97,1
1454828752199313,97,1
1454828752199424,97,1
1454828752199517,97,1
1454828752199602,97,1
1454828752199691,97,1
1454828752199776,97,1
1454828752199860,97,1
1454828752199948,97,1
1454828752200039,97,1
1454828752200122,97,1
1454828752200217,97,1
1454828752367709,97,1
